record_id,position,amino_acid,s2_mean,ensemble_std,coordinate_available
1UBQ_A,1,M,0.58072525,0.02217207,True
1UBQ_A,2,Q,0.67713910,0.01414088,True
1UBQ_A,3,I,0.83968037,0.01398589,True
1UBQ_A,4,F,0.84629250,0.00770371,True
1UBQ_A,5,V,0.87605733,0.00268525,True
1UBQ_A,6,K,0.85630769,0.00620990,True
1UBQ_A,7,T,0.82189757,0.02262736,True
1UBQ_A,8,L,0.78293753,0.01241228,True
1UBQ_A,9,T,0.75648850,0.02526480,True
1UBQ_A,10,G,0.77123600,0.02215735,True
1UBQ_A,11,K,0.76177597,0.01947414,True
1UBQ_A,12,T,0.80567414,0.00397707,True
1UBQ_A,13,I,0.85241622,0.00528232,True
1UBQ_A,14,T,0.84677571,0.00316903,True
1UBQ_A,15,L,0.86436945,0.00514870,True
1UBQ_A,16,E,0.84941274,0.00440850,True
1UBQ_A,17,V,0.83630323,0.00299919,True
1UBQ_A,18,E,0.84262562,0.00286901,True
1UBQ_A,19,P,0.85588884,0.00095146,True
1UBQ_A,20,S,0.84500128,0.01645192,True
1UBQ_A,21,D,0.84783095,0.01344840,True
1UBQ_A,22,T,0.85222441,0.00929131,True
1UBQ_A,23,I,0.88997102,0.00718335,True
1UBQ_A,24,E,0.88592416,0.00124604,True
1UBQ_A,25,N,0.89232785,0.00254358,True
1UBQ_A,26,V,0.90182424,0.00329219,True
1UBQ_A,27,K,0.90089220,0.00334215,True
1UBQ_A,28,A,0.89620095,0.00300066,True
1UBQ_A,29,K,0.89076376,0.00039810,True
1UBQ_A,30,I,0.89543629,0.00638678,True
1UBQ_A,31,Q,0.88583559,0.00876052,True
1UBQ_A,32,D,0.88200420,0.00567521,True
1UBQ_A,33,K,0.86274332,0.00395954,True
1UBQ_A,34,E,0.85735488,0.00584472,True
1UBQ_A,35,G,0.83435696,0.00462375,True
1UBQ_A,36,I,0.82761192,0.01986306,True
1UBQ_A,37,P,0.85587162,0.00257617,True
1UBQ_A,38,P,0.86566311,0.00484461,True
1UBQ_A,39,D,0.86470890,0.00695601,True
1UBQ_A,40,Q,0.86503106,0.00726968,True
1UBQ_A,41,Q,0.87262231,0.00588476,True
1UBQ_A,42,R,0.87711805,0.00412118,True
1UBQ_A,43,L,0.87509084,0.00524151,True
1UBQ_A,44,I,0.87767202,0.00443085,True
1UBQ_A,45,F,0.87161905,0.00090521,True
1UBQ_A,46,A,0.84107137,0.01295623,True
1UBQ_A,47,G,0.82700831,0.02021746,True
1UBQ_A,48,K,0.83311123,0.02473260,True
1UBQ_A,49,Q,0.85285705,0.00884459,True
1UBQ_A,50,L,0.85733038,0.00231823,True
1UBQ_A,51,E,0.85108167,0.00752869,True
1UBQ_A,52,D,0.85634851,0.00538729,True
1UBQ_A,53,G,0.84433979,0.01067927,True
1UBQ_A,54,R,0.84447676,0.01023392,True
1UBQ_A,55,T,0.85955006,0.00260307,True
1UBQ_A,56,L,0.87301487,0.00383278,True
1UBQ_A,57,S,0.86870307,0.00258615,True
1UBQ_A,58,D,0.86968452,0.00158507,True
1UBQ_A,59,Y,0.86192775,0.00494107,True
1UBQ_A,60,N,0.85066682,0.00399964,True
1UBQ_A,61,I,0.84665972,0.00243903,True
1UBQ_A,62,Q,0.83925438,0.00734439,True
1UBQ_A,63,K,0.83149242,0.00929046,True
1UBQ_A,64,E,0.84903163,0.00288463,True
1UBQ_A,65,S,0.85568857,0.00908958,True
1UBQ_A,66,T,0.86248922,0.00355369,True
1UBQ_A,67,L,0.88040382,0.00058745,True
1UBQ_A,68,H,0.88089395,0.00373914,True
1UBQ_A,69,L,0.87787747,0.00991550,True
1UBQ_A,70,V,0.86602455,0.01155977,True
1UBQ_A,71,L,0.82628900,0.00644847,True
1UBQ_A,72,R,0.77006441,0.00597252,True
1UBQ_A,73,L,0.63143486,0.02477155,True
1UBQ_A,74,R,0.55315948,0.01915140,True
1UBQ_A,75,G,0.38574323,0.03795496,True
1UBQ_A,76,G,0.24301191,0.05792823,True
